<?xml version="1.0" encoding="utf-8"?>
<resources xmlns:android="http://schemas.android.com/apk/res/android"
    xmlns:app="http://schemas.android.com/apk/res-auto">

    <style name="Theme" parent="@android:style/Theme.Holo.Light.DarkActionBar">
        <item name="android:textViewStyle">@style/theme_textview_style</item>
    </style>

    <style name="theme_textview_style" parent="@android:style/Widget.Holo.Light.TextView">
        <item name="android:textColor">@color/pink</item>
    </style>


</resources>